{
  "total_distance": {
    "mean": 153.23273836288138,
    "std": 0.0,
    "cv": 0.0,
    "min": 153.23273836288138,
    "max": 153.23273836288138,
    "baseline_nn": 169.09839694790662,
    "improvement_over_nn": 9.382500881964544,
    "is_optimal": 